fare_id,origin_id,destination_id,Price
1,SSAN,SSAN,6.4
2,SSAN,SBRN,3.6
3,SSAN,SFIA,8.55
4,SSAN,MLBR,3.6
5,SSAN,WDUB,7.35
6,SSAN,RICH,5.9
7,SSAN,DELN,5.7
8,SSAN,PLZA,5.5
9,SSAN,NBRK,5.3
10,SSAN,DBRK,5.25
11,SSAN,ASHB,5.15
12,SSAN,MCAR,5
13,SSAN,19TH,4.9
14,SSAN,12TH,4.9
15,SSAN,LAKE,4.9
16,SSAN,FTVL,5.2
17,SSAN,COLS,5.4
18,SSAN,SANL,5.75
19,SSAN,BAYF,6
20,SSAN,HAYW,6.3
21,SSAN,SHAY,6.65
22,SSAN,UCTY,7.2
23,SSAN,FRMT,7.55
24,SSAN,CAST,6.3
25,SSAN,DUBL,7.55
26,SSAN,PITT,8
27,SSAN,NCON,7.45
28,SSAN,COLM,3.6
29,SSAN,CONC,7.2
30,SSAN,PHIL,6.75
31,SSAN,WCRK,6.6
32,SSAN,LAFY,6.2
33,SSAN,ORIN,5.75
34,SSAN,ROCK,5.15
35,SSAN,WOAK,4.8
36,SSAN,EMBR,4.35
37,SSAN,MONT,4.35
38,SSAN,POWL,4.35
39,SSAN,CIVC,4.35
40,SSAN,16TH,4.15
41,SSAN,24TH,4.05
42,SSAN,GLEN,3.8
43,SSAN,BALB,3.6
44,SSAN,DALY,3.6
45,SSAN,OAKL,12.1
46,SSAN,WARM,8.05
47,SSAN,MLPT,8.85
48,SSAN,BERY,9.1
49,SSAN,PCTR,8.2
50,SSAN,ANTC,8.9
51,SBRN,SSAN,3.6
52,SBRN,SBRN,6.4
53,SBRN,SFIA,8.55
54,SBRN,MLBR,3.6
55,SBRN,WDUB,7.65
56,SBRN,RICH,6.2
57,SBRN,DELN,5.95
58,SBRN,PLZA,5.8
59,SBRN,NBRK,5.6
60,SBRN,DBRK,5.5
61,SBRN,ASHB,5.4
62,SBRN,MCAR,5.3
63,SBRN,19TH,5.2
64,SBRN,12TH,5.2
65,SBRN,LAKE,5.2
66,SBRN,FTVL,5.5
67,SBRN,COLS,5.7
68,SBRN,SANL,6
69,SBRN,BAYF,6.3
70,SBRN,HAYW,6.6
71,SBRN,SHAY,6.95
72,SBRN,UCTY,7.5
73,SBRN,FRMT,7.85
74,SBRN,CAST,6.6
75,SBRN,DUBL,7.85
76,SBRN,PITT,8.3
77,SBRN,NCON,7.7
78,SBRN,COLM,3.6
79,SBRN,CONC,7.5
80,SBRN,PHIL,7.05
81,SBRN,WCRK,6.85
82,SBRN,LAFY,6.45
83,SBRN,ORIN,6.05
84,SBRN,ROCK,5.45
85,SBRN,WOAK,5.1
86,SBRN,EMBR,4.8
87,SBRN,MONT,4.8
88,SBRN,POWL,4.8
89,SBRN,CIVC,4.8
90,SBRN,16TH,4.6
91,SBRN,24TH,4.5
92,SBRN,GLEN,4.2
93,SBRN,BALB,4.05
94,SBRN,DALY,3.6
95,SBRN,OAKL,12.4
96,SBRN,WARM,8.35
97,SBRN,MLPT,9.15
98,SBRN,BERY,9.4
99,SBRN,PCTR,8.45
100,SBRN,ANTC,9.15
101,SFIA,SSAN,8.55
102,SFIA,SBRN,8.55
103,SFIA,SFIA,6.4
104,SFIA,MLBR,4.95
105,SFIA,WDUB,12.8
106,SFIA,RICH,11.35
107,SFIA,DELN,11.15
108,SFIA,PLZA,10.95
109,SFIA,NBRK,10.75
110,SFIA,DBRK,10.7
111,SFIA,ASHB,10.6
112,SFIA,MCAR,10.45
113,SFIA,19TH,10.35
114,SFIA,12TH,10.35
115,SFIA,LAKE,10.35
116,SFIA,FTVL,10.65
117,SFIA,COLS,10.85
118,SFIA,SANL,11.2
119,SFIA,BAYF,11.45
120,SFIA,HAYW,11.75
121,SFIA,SHAY,12.1
122,SFIA,UCTY,12.65
123,SFIA,FRMT,13
124,SFIA,CAST,11.75
125,SFIA,DUBL,13
126,SFIA,PITT,13.45
127,SFIA,NCON,12.9
128,SFIA,COLM,8.9
129,SFIA,CONC,12.65
130,SFIA,PHIL,12.2
131,SFIA,WCRK,12.05
132,SFIA,LAFY,11.65
133,SFIA,ORIN,11.2
134,SFIA,ROCK,10.6
135,SFIA,WOAK,10.25
136,SFIA,EMBR,10
137,SFIA,MONT,10
138,SFIA,POWL,10
139,SFIA,CIVC,10
140,SFIA,16TH,9.9
141,SFIA,24TH,9.8
142,SFIA,GLEN,9.55
143,SFIA,BALB,9.4
144,SFIA,DALY,9.15
145,SFIA,OAKL,17.6
146,SFIA,WARM,13.5
147,SFIA,MLPT,14.3
148,SFIA,BERY,14.6
149,SFIA,PCTR,13.65
150,SFIA,ANTC,14.35
151,MLBR,SSAN,3.6
152,MLBR,SBRN,3.6
153,MLBR,SFIA,4.95
154,MLBR,MLBR,6.4
155,MLBR,WDUB,8
156,MLBR,RICH,6.6
157,MLBR,DELN,6.35
158,MLBR,PLZA,6.15
159,MLBR,NBRK,5.95
160,MLBR,DBRK,5.9
161,MLBR,ASHB,5.8
162,MLBR,MCAR,5.65
163,MLBR,19TH,5.55
164,MLBR,12TH,5.55
165,MLBR,LAKE,5.55
166,MLBR,FTVL,5.85
167,MLBR,COLS,6.05
168,MLBR,SANL,6.4
169,MLBR,BAYF,6.65
170,MLBR,HAYW,7
171,MLBR,SHAY,7.3
172,MLBR,UCTY,7.85
173,MLBR,FRMT,8.2
174,MLBR,CAST,6.95
175,MLBR,DUBL,8.2
176,MLBR,PITT,8.65
177,MLBR,NCON,8.1
178,MLBR,COLM,4.15
179,MLBR,CONC,7.85
180,MLBR,PHIL,7.4
181,MLBR,WCRK,7.25
182,MLBR,LAFY,6.85
183,MLBR,ORIN,6.4
184,MLBR,ROCK,5.8
185,MLBR,WOAK,5.45
186,MLBR,EMBR,5.2
187,MLBR,MONT,5.2
188,MLBR,POWL,5.2
189,MLBR,CIVC,5.2
190,MLBR,16TH,5.15
191,MLBR,24TH,5.05
192,MLBR,GLEN,4.8
193,MLBR,BALB,4.65
194,MLBR,DALY,4.4
195,MLBR,OAKL,12.8
196,MLBR,WARM,8.7
197,MLBR,MLPT,9.5
198,MLBR,BERY,9.8
199,MLBR,PCTR,8.85
200,MLBR,ANTC,9.55
201,WDUB,SSAN,7.35
202,WDUB,SBRN,7.65
203,WDUB,SFIA,12.8
204,WDUB,MLBR,8
205,WDUB,WDUB,6.4
206,WDUB,RICH,5.75
207,WDUB,DELN,5.5
208,WDUB,PLZA,5.35
209,WDUB,NBRK,5.1
210,WDUB,DBRK,5.05
211,WDUB,ASHB,5
212,WDUB,MCAR,4.85
213,WDUB,19TH,4.75
214,WDUB,12TH,4.75
215,WDUB,LAKE,4.75
216,WDUB,FTVL,4.45
217,WDUB,COLS,4.2
218,WDUB,SANL,3.95
219,WDUB,BAYF,2.15
220,WDUB,HAYW,3.95
221,WDUB,SHAY,4.3
222,WDUB,UCTY,4.8
223,WDUB,FRMT,5.2
224,WDUB,CAST,2.15
225,WDUB,DUBL,2.15
226,WDUB,PITT,7.65
227,WDUB,NCON,7.05
228,WDUB,COLM,7.15
229,WDUB,CONC,6.85
230,WDUB,PHIL,6.4
231,WDUB,WCRK,6.2
232,WDUB,LAFY,5.8
233,WDUB,ORIN,5.4
234,WDUB,ROCK,4.85
235,WDUB,WOAK,4.85
236,WDUB,EMBR,6.65
237,WDUB,MONT,6.65
238,WDUB,POWL,6.65
239,WDUB,CIVC,6.65
240,WDUB,16TH,6.75
241,WDUB,24TH,6.8
242,WDUB,GLEN,6.95
243,WDUB,BALB,7.05
244,WDUB,DALY,7.2
245,WDUB,OAKL,10.95
246,WDUB,WARM,5.7
247,WDUB,MLPT,6.5
248,WDUB,BERY,6.75
249,WDUB,PCTR,7.8
250,WDUB,ANTC,8.55
251,RICH,SSAN,5.9
252,RICH,SBRN,6.2
253,RICH,SFIA,11.35
254,RICH,MLBR,6.6
255,RICH,WDUB,5.75
256,RICH,RICH,6.4
257,RICH,DELN,2.15
258,RICH,PLZA,2.15
259,RICH,NBRK,2.15
260,RICH,DBRK,2.15
261,RICH,ASHB,2.15
262,RICH,MCAR,3
263,RICH,19TH,3.2
264,RICH,12TH,3.2
265,RICH,LAKE,3.2
266,RICH,FTVL,3.55
267,RICH,COLS,3.8
268,RICH,SANL,4.15
269,RICH,BAYF,4.4
270,RICH,HAYW,4.7
271,RICH,SHAY,5.05
272,RICH,UCTY,5.6
273,RICH,FRMT,5.95
274,RICH,CAST,4.7
275,RICH,DUBL,5.95
276,RICH,PITT,6
277,RICH,NCON,5.4
278,RICH,COLM,5.7
279,RICH,CONC,5.2
280,RICH,PHIL,4.75
281,RICH,WCRK,4.55
282,RICH,LAFY,4.2
283,RICH,ORIN,3.75
284,RICH,ROCK,3.05
285,RICH,WOAK,3.4
286,RICH,EMBR,5.2
287,RICH,MONT,5.2
288,RICH,POWL,5.2
289,RICH,CIVC,5.2
290,RICH,16TH,5.3
291,RICH,24TH,5.35
292,RICH,GLEN,5.5
293,RICH,BALB,5.6
294,RICH,DALY,5.75
295,RICH,OAKL,10.5
296,RICH,WARM,6.45
297,RICH,MLPT,7.25
298,RICH,BERY,7.5
299,RICH,PCTR,6.15
300,RICH,ANTC,6.9
301,DELN,SSAN,5.7
302,DELN,SBRN,5.95
303,DELN,SFIA,11.15
304,DELN,MLBR,6.35
305,DELN,WDUB,5.5
306,DELN,RICH,2.15
307,DELN,DELN,6.4
308,DELN,PLZA,2.15
309,DELN,NBRK,2.15
310,DELN,DBRK,2.15
311,DELN,ASHB,2.15
312,DELN,MCAR,2.6
313,DELN,19TH,2.85
314,DELN,12TH,2.85
315,DELN,LAKE,2.85
316,DELN,FTVL,3.35
317,DELN,COLS,3.55
318,DELN,SANL,3.9
319,DELN,BAYF,4.15
320,DELN,HAYW,4.45
321,DELN,SHAY,4.8
322,DELN,UCTY,5.35
323,DELN,FRMT,5.75
324,DELN,CAST,4.45
325,DELN,DUBL,5.7
326,DELN,PITT,5.75
327,DELN,NCON,5.2
328,DELN,COLM,5.45
329,DELN,CONC,5
330,DELN,PHIL,4.5
331,DELN,WCRK,4.35
332,DELN,LAFY,3.95
333,DELN,ORIN,3.55
334,DELN,ROCK,2.65
335,DELN,WOAK,3
336,DELN,EMBR,5
337,DELN,MONT,5
338,DELN,POWL,5
339,DELN,CIVC,5
340,DELN,16TH,5.05
341,DELN,24TH,5.1
342,DELN,GLEN,5.3
343,DELN,BALB,5.35
344,DELN,DALY,5.5
345,DELN,OAKL,10.3
346,DELN,WARM,6.2
347,DELN,MLPT,7
348,DELN,BERY,7.3
349,DELN,PCTR,5.95
350,DELN,ANTC,6.65
351,PLZA,SSAN,5.5
352,PLZA,SBRN,5.8
353,PLZA,SFIA,10.95
354,PLZA,MLBR,6.15
355,PLZA,WDUB,5.35
356,PLZA,RICH,2.15
357,PLZA,DELN,2.15
358,PLZA,PLZA,6.4
359,PLZA,NBRK,2.15
360,PLZA,DBRK,2.15
361,PLZA,ASHB,2.15
362,PLZA,MCAR,2.3
363,PLZA,19TH,2.55
364,PLZA,12TH,2.55
365,PLZA,LAKE,2.55
366,PLZA,FTVL,3.05
367,PLZA,COLS,3.4
368,PLZA,SANL,3.7
369,PLZA,BAYF,3.95
370,PLZA,HAYW,4.3
371,PLZA,SHAY,4.6
372,PLZA,UCTY,5.15
373,PLZA,FRMT,5.55
374,PLZA,CAST,4.3
375,PLZA,DUBL,5.5
376,PLZA,PITT,5.6
377,PLZA,NCON,5
378,PLZA,COLM,5.3
379,PLZA,CONC,4.8
380,PLZA,PHIL,4.35
381,PLZA,WCRK,4.15
382,PLZA,LAFY,3.75
383,PLZA,ORIN,3.25
384,PLZA,ROCK,2.35
385,PLZA,WOAK,2.75
386,PLZA,EMBR,4.8
387,PLZA,MONT,4.8
388,PLZA,POWL,4.8
389,PLZA,CIVC,4.8
390,PLZA,16TH,4.9
391,PLZA,24TH,4.95
392,PLZA,GLEN,5.1
393,PLZA,BALB,5.2
394,PLZA,DALY,5.3
395,PLZA,OAKL,10.1
396,PLZA,WARM,6
397,PLZA,MLPT,6.8
398,PLZA,BERY,7.1
399,PLZA,PCTR,5.75
400,PLZA,ANTC,6.5
401,NBRK,SSAN,5.3
402,NBRK,SBRN,5.6
403,NBRK,SFIA,10.75
404,NBRK,MLBR,5.95
405,NBRK,WDUB,5.1
406,NBRK,RICH,2.15
407,NBRK,DELN,2.15
408,NBRK,PLZA,2.15
409,NBRK,NBRK,6.4
410,NBRK,DBRK,2.15
411,NBRK,ASHB,2.15
412,NBRK,MCAR,2.15
413,NBRK,19TH,2.15
414,NBRK,12TH,2.15
415,NBRK,LAKE,2.15
416,NBRK,FTVL,2.7
417,NBRK,COLS,3.05
418,NBRK,SANL,3.5
419,NBRK,BAYF,3.75
420,NBRK,HAYW,4.1
421,NBRK,SHAY,4.4
422,NBRK,UCTY,4.95
423,NBRK,FRMT,5.35
424,NBRK,CAST,4.1
425,NBRK,DUBL,5.3
426,NBRK,PITT,5.4
427,NBRK,NCON,4.8
428,NBRK,COLM,5.1
429,NBRK,CONC,4.6
430,NBRK,PHIL,4.15
431,NBRK,WCRK,3.95
432,NBRK,LAFY,3.55
433,NBRK,ORIN,2.9
434,NBRK,ROCK,2.15
435,NBRK,WOAK,2.35
436,NBRK,EMBR,4.6
437,NBRK,MONT,4.6
438,NBRK,POWL,4.6
439,NBRK,CIVC,4.6
440,NBRK,16TH,4.65
441,NBRK,24TH,4.75
442,NBRK,GLEN,4.9
443,NBRK,BALB,4.95
444,NBRK,DALY,5.1
445,NBRK,OAKL,9.75
446,NBRK,WARM,5.8
447,NBRK,MLPT,6.6
448,NBRK,BERY,6.9
449,NBRK,PCTR,5.55
450,NBRK,ANTC,6.25
451,DBRK,SSAN,5.25
452,DBRK,SBRN,5.5
453,DBRK,SFIA,10.7
454,DBRK,MLBR,5.9
455,DBRK,WDUB,5.05
456,DBRK,RICH,2.15
457,DBRK,DELN,2.15
458,DBRK,PLZA,2.15
459,DBRK,NBRK,2.15
460,DBRK,DBRK,6.4
461,DBRK,ASHB,2.15
462,DBRK,MCAR,2.15
463,DBRK,19TH,2.15
464,DBRK,12TH,2.15
465,DBRK,LAKE,2.15
466,DBRK,FTVL,2.55
467,DBRK,COLS,2.9
468,DBRK,SANL,3.45
469,DBRK,BAYF,3.7
470,DBRK,HAYW,4
471,DBRK,SHAY,4.35
472,DBRK,UCTY,4.9
473,DBRK,FRMT,5.3
474,DBRK,CAST,4.05
475,DBRK,DUBL,5.25
476,DBRK,PITT,5.3
477,DBRK,NCON,4.75
478,DBRK,COLM,5
479,DBRK,CONC,4.5
480,DBRK,PHIL,4.05
481,DBRK,WCRK,3.9
482,DBRK,LAFY,3.45
483,DBRK,ORIN,2.75
484,DBRK,ROCK,2.15
485,DBRK,WOAK,2.25
486,DBRK,EMBR,4.5
487,DBRK,MONT,4.5
488,DBRK,POWL,4.5
489,DBRK,CIVC,4.5
490,DBRK,16TH,4.6
491,DBRK,24TH,4.65
492,DBRK,GLEN,4.85
493,DBRK,BALB,4.9
494,DBRK,DALY,5.05
495,DBRK,OAKL,9.6
496,DBRK,WARM,5.75
497,DBRK,MLPT,6.55
498,DBRK,BERY,6.85
499,DBRK,PCTR,5.5
500,DBRK,ANTC,6.2
501,ASHB,SSAN,5.15
502,ASHB,SBRN,5.4
503,ASHB,SFIA,10.6
504,ASHB,MLBR,5.8
505,ASHB,WDUB,5
506,ASHB,RICH,2.15
507,ASHB,DELN,2.15
508,ASHB,PLZA,2.15
509,ASHB,NBRK,2.15
510,ASHB,DBRK,2.15
511,ASHB,ASHB,6.4
512,ASHB,MCAR,2.15
513,ASHB,19TH,2.15
514,ASHB,12TH,2.15
515,ASHB,LAKE,2.15
516,ASHB,FTVL,2.35
517,ASHB,COLS,2.7
518,ASHB,SANL,3.25
519,ASHB,BAYF,3.6
520,ASHB,HAYW,3.9
521,ASHB,SHAY,4.25
522,ASHB,UCTY,4.8
523,ASHB,FRMT,5.2
524,ASHB,CAST,3.95
525,ASHB,DUBL,5.15
526,ASHB,PITT,5.3
527,ASHB,NCON,4.7
528,ASHB,COLM,4.9
529,ASHB,CONC,4.5
530,ASHB,PHIL,4.05
531,ASHB,WCRK,3.85
532,ASHB,LAFY,3.3
533,ASHB,ORIN,2.6
534,ASHB,ROCK,2.15
535,ASHB,WOAK,2.15
536,ASHB,EMBR,4.3
537,ASHB,MONT,4.3
538,ASHB,POWL,4.3
539,ASHB,CIVC,4.3
540,ASHB,16TH,4.5
541,ASHB,24TH,4.55
542,ASHB,GLEN,4.75
543,ASHB,BALB,4.8
544,ASHB,DALY,4.95
545,ASHB,OAKL,9.45
546,ASHB,WARM,5.65
547,ASHB,MLPT,6.45
548,ASHB,BERY,6.75
549,ASHB,PCTR,5.45
550,ASHB,ANTC,6.15
551,MCAR,SSAN,5
552,MCAR,SBRN,5.3
553,MCAR,SFIA,10.45
554,MCAR,MLBR,5.65
555,MCAR,WDUB,4.85
556,MCAR,RICH,3
557,MCAR,DELN,2.6
558,MCAR,PLZA,2.3
559,MCAR,NBRK,2.15
560,MCAR,DBRK,2.15
561,MCAR,ASHB,2.15
562,MCAR,MCAR,6.4
563,MCAR,19TH,2.15
564,MCAR,12TH,2.15
565,MCAR,LAKE,2.15
566,MCAR,FTVL,2.15
567,MCAR,COLS,2.5
568,MCAR,SANL,3
569,MCAR,BAYF,3.4
570,MCAR,HAYW,3.8
571,MCAR,SHAY,4.1
572,MCAR,UCTY,4.65
573,MCAR,FRMT,5.05
574,MCAR,CAST,3.8
575,MCAR,DUBL,5
576,MCAR,PITT,5.3
577,MCAR,NCON,4.7
578,MCAR,COLM,4.8
579,MCAR,CONC,4.5
580,MCAR,PHIL,4.05
581,MCAR,WCRK,3.85
582,MCAR,LAFY,3.2
583,MCAR,ORIN,2.15
584,MCAR,ROCK,2.15
585,MCAR,WOAK,2.15
586,MCAR,EMBR,4.05
587,MCAR,MONT,4.05
588,MCAR,POWL,4.05
589,MCAR,CIVC,4.05
590,MCAR,16TH,4.25
591,MCAR,24TH,4.35
592,MCAR,GLEN,4.6
593,MCAR,BALB,4.65
594,MCAR,DALY,4.8
595,MCAR,OAKL,9.2
596,MCAR,WARM,5.5
597,MCAR,MLPT,6.3
598,MCAR,BERY,6.6
599,MCAR,PCTR,5.45
600,MCAR,ANTC,6.15
601,19TH,SSAN,4.9
602,19TH,SBRN,5.2
603,19TH,SFIA,10.35
604,19TH,MLBR,5.55
605,19TH,WDUB,4.75
606,19TH,RICH,3.2
607,19TH,DELN,2.85
608,19TH,PLZA,2.55
609,19TH,NBRK,2.15
610,19TH,DBRK,2.15
611,19TH,ASHB,2.15
612,19TH,MCAR,2.15
613,19TH,19TH,6.4
614,19TH,12TH,2.15
615,19TH,LAKE,2.15
616,19TH,FTVL,2.15
617,19TH,COLS,2.15
618,19TH,SANL,2.75
619,19TH,BAYF,3.2
620,19TH,HAYW,3.7
621,19TH,SHAY,4
622,19TH,UCTY,4.55
623,19TH,FRMT,4.95
624,19TH,CAST,3.7
625,19TH,DUBL,4.9
626,19TH,PITT,5.3
627,19TH,NCON,4.75
628,19TH,COLM,4.7
629,19TH,CONC,4.5
630,19TH,PHIL,4.05
631,19TH,WCRK,3.9
632,19TH,LAFY,3.4
633,19TH,ORIN,2.7
634,19TH,ROCK,2.15
635,19TH,WOAK,2.15
636,19TH,EMBR,3.85
637,19TH,MONT,3.85
638,19TH,POWL,3.85
639,19TH,CIVC,3.85
640,19TH,16TH,4.05
641,19TH,24TH,4.15
642,19TH,GLEN,4.4
643,19TH,BALB,4.55
644,19TH,DALY,4.7
645,19TH,OAKL,8.85
646,19TH,WARM,5.4
647,19TH,MLPT,6.2
648,19TH,BERY,6.5
649,19TH,PCTR,5.5
650,19TH,ANTC,6.2
651,12TH,SSAN,4.9
652,12TH,SBRN,5.2
653,12TH,SFIA,10.35
654,12TH,MLBR,5.55
655,12TH,WDUB,4.75
656,12TH,RICH,3.2
657,12TH,DELN,2.85
658,12TH,PLZA,2.55
659,12TH,NBRK,2.15
660,12TH,DBRK,2.15
661,12TH,ASHB,2.15
662,12TH,MCAR,2.15
663,12TH,19TH,2.15
664,12TH,12TH,6.4
665,12TH,LAKE,2.15
666,12TH,FTVL,2.15
667,12TH,COLS,2.15
668,12TH,SANL,2.75
669,12TH,BAYF,3.2
670,12TH,HAYW,3.7
671,12TH,SHAY,4
672,12TH,UCTY,4.55
673,12TH,FRMT,4.95
674,12TH,CAST,3.7
675,12TH,DUBL,4.9
676,12TH,PITT,5.3
677,12TH,NCON,4.75
678,12TH,COLM,4.7
679,12TH,CONC,4.5
680,12TH,PHIL,4.05
681,12TH,WCRK,3.9
682,12TH,LAFY,3.4
683,12TH,ORIN,2.7
684,12TH,ROCK,2.15
685,12TH,WOAK,2.15
686,12TH,EMBR,3.85
687,12TH,MONT,3.85
688,12TH,POWL,3.85
689,12TH,CIVC,3.85
690,12TH,16TH,4.05
691,12TH,24TH,4.15
692,12TH,GLEN,4.4
693,12TH,BALB,4.55
694,12TH,DALY,4.7
695,12TH,OAKL,8.85
696,12TH,WARM,5.4
697,12TH,MLPT,6.2
698,12TH,BERY,6.5
699,12TH,PCTR,5.5
700,12TH,ANTC,6.2
701,LAKE,SSAN,4.9
702,LAKE,SBRN,5.2
703,LAKE,SFIA,10.35
704,LAKE,MLBR,5.55
705,LAKE,WDUB,4.75
706,LAKE,RICH,3.2
707,LAKE,DELN,2.85
708,LAKE,PLZA,2.55
709,LAKE,NBRK,2.15
710,LAKE,DBRK,2.15
711,LAKE,ASHB,2.15
712,LAKE,MCAR,2.15
713,LAKE,19TH,2.15
714,LAKE,12TH,2.15
715,LAKE,LAKE,6.4
716,LAKE,FTVL,2.15
717,LAKE,COLS,2.15
718,LAKE,SANL,2.75
719,LAKE,BAYF,3.2
720,LAKE,HAYW,3.7
721,LAKE,SHAY,4
722,LAKE,UCTY,4.55
723,LAKE,FRMT,4.95
724,LAKE,CAST,3.7
725,LAKE,DUBL,4.9
726,LAKE,PITT,5.3
727,LAKE,NCON,4.75
728,LAKE,COLM,4.7
729,LAKE,CONC,4.5
730,LAKE,PHIL,4.05
731,LAKE,WCRK,3.9
732,LAKE,LAFY,3.4
733,LAKE,ORIN,2.7
734,LAKE,ROCK,2.15
735,LAKE,WOAK,2.15
736,LAKE,EMBR,3.85
737,LAKE,MONT,3.85
738,LAKE,POWL,3.85
739,LAKE,CIVC,3.85
740,LAKE,16TH,4.05
741,LAKE,24TH,4.15
742,LAKE,GLEN,4.4
743,LAKE,BALB,4.55
744,LAKE,DALY,4.7
745,LAKE,OAKL,8.85
746,LAKE,WARM,5.4
747,LAKE,MLPT,6.2
748,LAKE,BERY,6.5
749,LAKE,PCTR,5.5
750,LAKE,ANTC,6.2
751,FTVL,SSAN,5.2
752,FTVL,SBRN,5.5
753,FTVL,SFIA,10.65
754,FTVL,MLBR,5.85
755,FTVL,WDUB,4.45
756,FTVL,RICH,3.55
757,FTVL,DELN,3.35
758,FTVL,PLZA,3.05
759,FTVL,NBRK,2.7
760,FTVL,DBRK,2.55
761,FTVL,ASHB,2.35
762,FTVL,MCAR,2.15
763,FTVL,19TH,2.15
764,FTVL,12TH,2.15
765,FTVL,LAKE,2.15
766,FTVL,FTVL,6.4
767,FTVL,COLS,2.15
768,FTVL,SANL,2.15
769,FTVL,BAYF,2.7
770,FTVL,HAYW,3.2
771,FTVL,SHAY,3.7
772,FTVL,UCTY,4.25
773,FTVL,FRMT,4.65
774,FTVL,CAST,3.2
775,FTVL,DUBL,4.6
776,FTVL,PITT,5.5
777,FTVL,NCON,4.9
778,FTVL,COLM,5
779,FTVL,CONC,4.7
780,FTVL,PHIL,4.25
781,FTVL,WCRK,4.05
782,FTVL,LAFY,3.65
783,FTVL,ORIN,3.05
784,FTVL,ROCK,2.2
785,FTVL,WOAK,2.15
786,FTVL,EMBR,4.3
787,FTVL,MONT,4.3
788,FTVL,POWL,4.3
789,FTVL,CIVC,4.3
790,FTVL,16TH,4.5
791,FTVL,24TH,4.65
792,FTVL,GLEN,4.8
793,FTVL,BALB,4.85
794,FTVL,DALY,5
795,FTVL,OAKL,8.85
796,FTVL,WARM,5.15
797,FTVL,MLPT,5.95
798,FTVL,BERY,6.2
799,FTVL,PCTR,5.65
800,FTVL,ANTC,6.35
801,COLS,SSAN,5.4
802,COLS,SBRN,5.7
803,COLS,SFIA,10.85
804,COLS,MLBR,6.05
805,COLS,WDUB,4.2
806,COLS,RICH,3.8
807,COLS,DELN,3.55
808,COLS,PLZA,3.4
809,COLS,NBRK,3.05
810,COLS,DBRK,2.9
811,COLS,ASHB,2.7
812,COLS,MCAR,2.5
813,COLS,19TH,2.15
814,COLS,12TH,2.15
815,COLS,LAKE,2.15
816,COLS,FTVL,2.15
817,COLS,COLS,6.4
818,COLS,SANL,2.15
819,COLS,BAYF,2.15
820,COLS,HAYW,2.85
821,COLS,SHAY,3.35
822,COLS,UCTY,4.05
823,COLS,FRMT,4.45
824,COLS,CAST,2.85
825,COLS,DUBL,4.4
826,COLS,PITT,5.7
827,COLS,NCON,5.15
828,COLS,COLM,5.2
829,COLS,CONC,4.9
830,COLS,PHIL,4.45
831,COLS,WCRK,4.3
832,COLS,LAFY,3.9
833,COLS,ORIN,3.45
834,COLS,ROCK,2.55
835,COLS,WOAK,2.4
836,COLS,EMBR,4.65
837,COLS,MONT,4.65
838,COLS,POWL,4.65
839,COLS,CIVC,4.65
840,COLS,16TH,4.8
841,COLS,24TH,4.85
842,COLS,GLEN,5
843,COLS,BALB,5.1
844,COLS,DALY,5.25
845,COLS,OAKL,6.7
846,COLS,WARM,4.9
847,COLS,MLPT,5.7
848,COLS,BERY,6
849,COLS,PCTR,5.9
850,COLS,ANTC,6.6
851,SANL,SSAN,5.75
852,SANL,SBRN,6
853,SANL,SFIA,11.2
854,SANL,MLBR,6.4
855,SANL,WDUB,3.95
856,SANL,RICH,4.15
857,SANL,DELN,3.9
858,SANL,PLZA,3.7
859,SANL,NBRK,3.5
860,SANL,DBRK,3.45
861,SANL,ASHB,3.25
862,SANL,MCAR,3
863,SANL,19TH,2.75
864,SANL,12TH,2.75
865,SANL,LAKE,2.75
866,SANL,FTVL,2.15
867,SANL,COLS,2.15
868,SANL,SANL,6.4
869,SANL,BAYF,2.15
870,SANL,HAYW,2.15
871,SANL,SHAY,2.85
872,SANL,UCTY,3.65
873,SANL,FRMT,4.1
874,SANL,CAST,2.15
875,SANL,DUBL,4.1
876,SANL,PITT,6
877,SANL,NCON,5.45
878,SANL,COLM,5.55
879,SANL,CONC,5.2
880,SANL,PHIL,4.8
881,SANL,WCRK,4.6
882,SANL,LAFY,4.2
883,SANL,ORIN,3.8
884,SANL,ROCK,3.05
885,SANL,WOAK,2.95
886,SANL,EMBR,5.05
887,SANL,MONT,5.05
888,SANL,POWL,5.05
889,SANL,CIVC,5.05
890,SANL,16TH,5.15
891,SANL,24TH,5.15
892,SANL,GLEN,5.35
893,SANL,BALB,5.45
894,SANL,DALY,5.55
895,SANL,OAKL,8.85
896,SANL,WARM,4.6
897,SANL,MLPT,5.4
898,SANL,BERY,5.65
899,SANL,PCTR,6.2
900,SANL,ANTC,6.9
901,BAYF,SSAN,6
902,BAYF,SBRN,6.3
903,BAYF,SFIA,11.45
904,BAYF,MLBR,6.65
905,BAYF,WDUB,2.15
906,BAYF,RICH,4.4
907,BAYF,DELN,4.15
908,BAYF,PLZA,3.95
909,BAYF,NBRK,3.75
910,BAYF,DBRK,3.7
911,BAYF,ASHB,3.6
912,BAYF,MCAR,3.4
913,BAYF,19TH,3.2
914,BAYF,12TH,3.2
915,BAYF,LAKE,3.2
916,BAYF,FTVL,2.7
917,BAYF,COLS,2.15
918,BAYF,SANL,2.15
919,BAYF,BAYF,6.4
920,BAYF,HAYW,2.15
921,BAYF,SHAY,2.15
922,BAYF,UCTY,2.15
923,BAYF,FRMT,2.15
924,BAYF,CAST,2.15
925,BAYF,DUBL,2.15
926,BAYF,PITT,6.3
927,BAYF,NCON,5.7
928,BAYF,COLM,5.8
929,BAYF,CONC,5.5
930,BAYF,PHIL,5.05
931,BAYF,WCRK,4.85
932,BAYF,LAFY,4.45
933,BAYF,ORIN,4.05
934,BAYF,ROCK,3.45
935,BAYF,WOAK,3.4
936,BAYF,EMBR,5.3
937,BAYF,MONT,5.3
938,BAYF,POWL,5.3
939,BAYF,CIVC,5.3
940,BAYF,16TH,5.4
941,BAYF,24TH,5.45
942,BAYF,GLEN,5.6
943,BAYF,BALB,5.7
944,BAYF,DALY,5.8
945,BAYF,OAKL,8.85
946,BAYF,WARM,4.3
947,BAYF,MLPT,5.15
948,BAYF,BERY,5.4
949,BAYF,PCTR,6.45
950,BAYF,ANTC,7.15
951,HAYW,SSAN,6.3
952,HAYW,SBRN,6.6
953,HAYW,SFIA,11.75
954,HAYW,MLBR,7
955,HAYW,WDUB,3.95
956,HAYW,RICH,4.7
957,HAYW,DELN,4.45
958,HAYW,PLZA,4.3
959,HAYW,NBRK,4.1
960,HAYW,DBRK,4
961,HAYW,ASHB,3.9
962,HAYW,MCAR,3.8
963,HAYW,19TH,3.7
964,HAYW,12TH,3.7
965,HAYW,LAKE,3.7
966,HAYW,FTVL,3.2
967,HAYW,COLS,2.85
968,HAYW,SANL,2.15
969,HAYW,BAYF,2.15
970,HAYW,HAYW,6.4
971,HAYW,SHAY,2.15
972,HAYW,UCTY,2.15
973,HAYW,FRMT,2.15
974,HAYW,CAST,2.15
975,HAYW,DUBL,4.15
976,HAYW,PITT,6.6
977,HAYW,NCON,6
978,HAYW,COLM,6.1
979,HAYW,CONC,5.8
980,HAYW,PHIL,5.35
981,HAYW,WCRK,5.2
982,HAYW,LAFY,4.8
983,HAYW,ORIN,4.35
984,HAYW,ROCK,3.8
985,HAYW,WOAK,3.8
986,HAYW,EMBR,5.6
987,HAYW,MONT,5.6
988,HAYW,POWL,5.6
989,HAYW,CIVC,5.6
990,HAYW,16TH,5.7
991,HAYW,24TH,5.75
992,HAYW,GLEN,5.9
993,HAYW,BALB,6
994,HAYW,DALY,6.15
995,HAYW,OAKL,9.55
996,HAYW,WARM,4
997,HAYW,MLPT,4.8
998,HAYW,BERY,5.1
999,HAYW,PCTR,6.75
1000,HAYW,ANTC,7.45
1001,SHAY,SSAN,6.65
1002,SHAY,SBRN,6.95
1003,SHAY,SFIA,12.1
1004,SHAY,MLBR,7.3
1005,SHAY,WDUB,4.3
1006,SHAY,RICH,5.05
1007,SHAY,DELN,4.8
1008,SHAY,PLZA,4.6
1009,SHAY,NBRK,4.4
1010,SHAY,DBRK,4.35
1011,SHAY,ASHB,4.25
1012,SHAY,MCAR,4.1
1013,SHAY,19TH,4
1014,SHAY,12TH,4
1015,SHAY,LAKE,4
1016,SHAY,FTVL,3.7
1017,SHAY,COLS,3.35
1018,SHAY,SANL,2.85
1019,SHAY,BAYF,2.15
1020,SHAY,HAYW,2.15
1021,SHAY,SHAY,6.4
1022,SHAY,UCTY,2.15
1023,SHAY,FRMT,2.15
1024,SHAY,CAST,2.9
1025,SHAY,DUBL,4.45
1026,SHAY,PITT,6.95
1027,SHAY,NCON,6.35
1028,SHAY,COLM,6.45
1029,SHAY,CONC,6.15
1030,SHAY,PHIL,5.65
1031,SHAY,WCRK,5.5
1032,SHAY,LAFY,5.1
1033,SHAY,ORIN,4.7
1034,SHAY,ROCK,4.1
1035,SHAY,WOAK,4.1
1036,SHAY,EMBR,5.95
1037,SHAY,MONT,5.95
1038,SHAY,POWL,5.95
1039,SHAY,CIVC,5.95
1040,SHAY,16TH,6
1041,SHAY,24TH,6.1
1042,SHAY,GLEN,6.25
1043,SHAY,BALB,6.3
1044,SHAY,DALY,6.45
1045,SHAY,OAKL,10.05
1046,SHAY,WARM,2.15
1047,SHAY,MLPT,4.5
1048,SHAY,BERY,4.75
1049,SHAY,PCTR,7.1
1050,SHAY,ANTC,7.8
1051,UCTY,SSAN,7.2
1052,UCTY,SBRN,7.5
1053,UCTY,SFIA,12.65
1054,UCTY,MLBR,7.85
1055,UCTY,WDUB,4.8
1056,UCTY,RICH,5.6
1057,UCTY,DELN,5.35
1058,UCTY,PLZA,5.15
1059,UCTY,NBRK,4.95
1060,UCTY,DBRK,4.9
1061,UCTY,ASHB,4.8
1062,UCTY,MCAR,4.65
1063,UCTY,19TH,4.55
1064,UCTY,12TH,4.55
1065,UCTY,LAKE,4.55
1066,UCTY,FTVL,4.25
1067,UCTY,COLS,4.05
1068,UCTY,SANL,3.65
1069,UCTY,BAYF,2.15
1070,UCTY,HAYW,2.15
1071,UCTY,SHAY,2.15
1072,UCTY,UCTY,6.4
1073,UCTY,FRMT,2.15
1074,UCTY,CAST,3.7
1075,UCTY,DUBL,5
1076,UCTY,PITT,7.45
1077,UCTY,NCON,6.9
1078,UCTY,COLM,7
1079,UCTY,CONC,6.7
1080,UCTY,PHIL,6.2
1081,UCTY,WCRK,6.05
1082,UCTY,LAFY,5.65
1083,UCTY,ORIN,5.25
1084,UCTY,ROCK,4.65
1085,UCTY,WOAK,4.65
1086,UCTY,EMBR,6.5
1087,UCTY,MONT,6.5
1088,UCTY,POWL,6.5
1089,UCTY,CIVC,6.5
1090,UCTY,16TH,6.55
1091,UCTY,24TH,6.6
1092,UCTY,GLEN,6.8
1093,UCTY,BALB,6.85
1094,UCTY,DALY,7
1095,UCTY,OAKL,10.75
1096,UCTY,WARM,2.15
1097,UCTY,MLPT,3.95
1098,UCTY,BERY,4.2
1099,UCTY,PCTR,7.65
1100,UCTY,ANTC,8.35
1101,FRMT,SSAN,7.55
1102,FRMT,SBRN,7.85
1103,FRMT,SFIA,13
1104,FRMT,MLBR,8.2
1105,FRMT,WDUB,5.2
1106,FRMT,RICH,5.95
1107,FRMT,DELN,5.75
1108,FRMT,PLZA,5.55
1109,FRMT,NBRK,5.35
1110,FRMT,DBRK,5.3
1111,FRMT,ASHB,5.2
1112,FRMT,MCAR,5.05
1113,FRMT,19TH,4.95
1114,FRMT,12TH,4.95
1115,FRMT,LAKE,4.95
1116,FRMT,FTVL,4.65
1117,FRMT,COLS,4.45
1118,FRMT,SANL,4.1
1119,FRMT,BAYF,2.15
1120,FRMT,HAYW,2.15
1121,FRMT,SHAY,2.15
1122,FRMT,UCTY,2.15
1123,FRMT,FRMT,6.4
1124,FRMT,CAST,4.15
1125,FRMT,DUBL,5.4
1126,FRMT,PITT,7.85
1127,FRMT,NCON,7.3
1128,FRMT,COLM,7.35
1129,FRMT,CONC,7.05
1130,FRMT,PHIL,6.6
1131,FRMT,WCRK,6.45
1132,FRMT,LAFY,6.05
1133,FRMT,ORIN,5.6
1134,FRMT,ROCK,5.05
1135,FRMT,WOAK,5.05
1136,FRMT,EMBR,6.85
1137,FRMT,MONT,6.85
1138,FRMT,POWL,6.85
1139,FRMT,CIVC,6.85
1140,FRMT,16TH,6.95
1141,FRMT,24TH,7
1142,FRMT,GLEN,7.15
1143,FRMT,BALB,7.25
1144,FRMT,DALY,7.4
1145,FRMT,OAKL,11.15
1146,FRMT,WARM,2.15
1147,FRMT,MLPT,3.4
1148,FRMT,BERY,3.85
1149,FRMT,PCTR,8.05
1150,FRMT,ANTC,8.75
1151,CAST,SSAN,6.3
1152,CAST,SBRN,6.6
1153,CAST,SFIA,11.75
1154,CAST,MLBR,6.95
1155,CAST,WDUB,2.15
1156,CAST,RICH,4.7
1157,CAST,DELN,4.45
1158,CAST,PLZA,4.3
1159,CAST,NBRK,4.1
1160,CAST,DBRK,4.05
1161,CAST,ASHB,3.95
1162,CAST,MCAR,3.8
1163,CAST,19TH,3.7
1164,CAST,12TH,3.7
1165,CAST,LAKE,3.7
1166,CAST,FTVL,3.2
1167,CAST,COLS,2.85
1168,CAST,SANL,2.15
1169,CAST,BAYF,2.15
1170,CAST,HAYW,2.15
1171,CAST,SHAY,2.9
1172,CAST,UCTY,3.7
1173,CAST,FRMT,4.15
1174,CAST,CAST,6.4
1175,CAST,DUBL,2.15
1176,CAST,PITT,6.6
1177,CAST,NCON,6
1178,CAST,COLM,6.1
1179,CAST,CONC,5.8
1180,CAST,PHIL,5.35
1181,CAST,WCRK,5.2
1182,CAST,LAFY,4.8
1183,CAST,ORIN,4.35
1184,CAST,ROCK,3.8
1185,CAST,WOAK,3.8
1186,CAST,EMBR,5.6
1187,CAST,MONT,5.6
1188,CAST,POWL,5.6
1189,CAST,CIVC,5.6
1190,CAST,16TH,5.7
1191,CAST,24TH,5.75
1192,CAST,GLEN,5.9
1193,CAST,BALB,6
1194,CAST,DALY,6.15
1195,CAST,OAKL,9.55
1196,CAST,WARM,4.65
1197,CAST,MLPT,5.45
1198,CAST,BERY,5.7
1199,CAST,PCTR,6.8
1200,CAST,ANTC,7.5
1201,DUBL,SSAN,7.55
1202,DUBL,SBRN,7.85
1203,DUBL,SFIA,13
1204,DUBL,MLBR,8.2
1205,DUBL,WDUB,2.15
1206,DUBL,RICH,5.95
1207,DUBL,DELN,5.7
1208,DUBL,PLZA,5.5
1209,DUBL,NBRK,5.3
1210,DUBL,DBRK,5.25
1211,DUBL,ASHB,5.15
1212,DUBL,MCAR,5
1213,DUBL,19TH,4.9
1214,DUBL,12TH,4.9
1215,DUBL,LAKE,4.9
1216,DUBL,FTVL,4.6
1217,DUBL,COLS,4.4
1218,DUBL,SANL,4.1
1219,DUBL,BAYF,2.15
1220,DUBL,HAYW,4.15
1221,DUBL,SHAY,4.45
1222,DUBL,UCTY,5
1223,DUBL,FRMT,5.4
1224,DUBL,CAST,2.15
1225,DUBL,DUBL,6.4
1226,DUBL,PITT,7.85
1227,DUBL,NCON,7.25
1228,DUBL,COLM,7.35
1229,DUBL,CONC,7.05
1230,DUBL,PHIL,6.6
1231,DUBL,WCRK,6.4
1232,DUBL,LAFY,6
1233,DUBL,ORIN,5.6
1234,DUBL,ROCK,5
1235,DUBL,WOAK,5
1236,DUBL,EMBR,6.85
1237,DUBL,MONT,6.85
1238,DUBL,POWL,6.85
1239,DUBL,CIVC,6.85
1240,DUBL,16TH,6.9
1241,DUBL,24TH,7
1242,DUBL,GLEN,7.15
1243,DUBL,BALB,7.2
1244,DUBL,DALY,7.35
1245,DUBL,OAKL,11.1
1246,DUBL,WARM,5.85
1247,DUBL,MLPT,6.65
1248,DUBL,BERY,6.95
1249,DUBL,PCTR,8
1250,DUBL,ANTC,8.7
1251,PITT,SSAN,8
1252,PITT,SBRN,8.3
1253,PITT,SFIA,13.45
1254,PITT,MLBR,8.65
1255,PITT,WDUB,7.65
1256,PITT,RICH,6
1257,PITT,DELN,5.75
1258,PITT,PLZA,5.6
1259,PITT,NBRK,5.4
1260,PITT,DBRK,5.3
1261,PITT,ASHB,5.3
1262,PITT,MCAR,5.3
1263,PITT,19TH,5.3
1264,PITT,12TH,5.3
1265,PITT,LAKE,5.3
1266,PITT,FTVL,5.5
1267,PITT,COLS,5.7
1268,PITT,SANL,6
1269,PITT,BAYF,6.3
1270,PITT,HAYW,6.6
1271,PITT,SHAY,6.95
1272,PITT,UCTY,7.45
1273,PITT,FRMT,7.85
1274,PITT,CAST,6.6
1275,PITT,DUBL,7.85
1276,PITT,PITT,6.4
1277,PITT,NCON,2.15
1278,PITT,COLM,7.8
1279,PITT,CONC,2.15
1280,PITT,PHIL,2.15
1281,PITT,WCRK,2.15
1282,PITT,LAFY,4.1
1283,PITT,ORIN,4.5
1284,PITT,ROCK,5.15
1285,PITT,WOAK,5.45
1286,PITT,EMBR,7.3
1287,PITT,MONT,7.3
1288,PITT,POWL,7.3
1289,PITT,CIVC,7.3
1290,PITT,16TH,7.4
1291,PITT,24TH,7.45
1292,PITT,GLEN,7.6
1293,PITT,BALB,7.7
1294,PITT,DALY,7.8
1295,PITT,OAKL,12.4
1296,PITT,WARM,8.35
1297,PITT,MLPT,9.15
1298,PITT,BERY,9.4
1299,PITT,PCTR,2.15
1300,PITT,ANTC,2.15
1301,NCON,SSAN,7.45
1302,NCON,SBRN,7.7
1303,NCON,SFIA,12.9
1304,NCON,MLBR,8.1
1305,NCON,WDUB,7.05
1306,NCON,RICH,5.4
1307,NCON,DELN,5.2
1308,NCON,PLZA,5
1309,NCON,NBRK,4.8
1310,NCON,DBRK,4.75
1311,NCON,ASHB,4.7
1312,NCON,MCAR,4.7
1313,NCON,19TH,4.75
1314,NCON,12TH,4.75
1315,NCON,LAKE,4.75
1316,NCON,FTVL,4.9
1317,NCON,COLS,5.15
1318,NCON,SANL,5.45
1319,NCON,BAYF,5.7
1320,NCON,HAYW,6
1321,NCON,SHAY,6.35
1322,NCON,UCTY,6.9
1323,NCON,FRMT,7.3
1324,NCON,CAST,6
1325,NCON,DUBL,7.25
1326,NCON,PITT,2.15
1327,NCON,NCON,6.4
1328,NCON,COLM,7.2
1329,NCON,CONC,2.15
1330,NCON,PHIL,2.15
1331,NCON,WCRK,2.15
1332,NCON,LAFY,3.4
1333,NCON,ORIN,3.95
1334,NCON,ROCK,4.55
1335,NCON,WOAK,4.9
1336,NCON,EMBR,6.7
1337,NCON,MONT,6.7
1338,NCON,POWL,6.7
1339,NCON,CIVC,6.7
1340,NCON,16TH,6.8
1341,NCON,24TH,6.85
1342,NCON,GLEN,7.05
1343,NCON,BALB,7.1
1344,NCON,DALY,7.25
1345,NCON,OAKL,11.85
1346,NCON,WARM,7.75
1347,NCON,MLPT,8.55
1348,NCON,BERY,8.85
1349,NCON,PCTR,2.15
1350,NCON,ANTC,3.75
1351,COLM,SSAN,3.6
1352,COLM,SBRN,3.6
1353,COLM,SFIA,8.9
1354,COLM,MLBR,4.15
1355,COLM,WDUB,7.15
1356,COLM,RICH,5.7
1357,COLM,DELN,5.45
1358,COLM,PLZA,5.3
1359,COLM,NBRK,5.1
1360,COLM,DBRK,5
1361,COLM,ASHB,4.9
1362,COLM,MCAR,4.8
1363,COLM,19TH,4.7
1364,COLM,12TH,4.7
1365,COLM,LAKE,4.7
1366,COLM,FTVL,5
1367,COLM,COLS,5.2
1368,COLM,SANL,5.55
1369,COLM,BAYF,5.8
1370,COLM,HAYW,6.1
1371,COLM,SHAY,6.45
1372,COLM,UCTY,7
1373,COLM,FRMT,7.35
1374,COLM,CAST,6.1
1375,COLM,DUBL,7.35
1376,COLM,PITT,7.8
1377,COLM,NCON,7.2
1378,COLM,COLM,6.4
1379,COLM,CONC,7
1380,COLM,PHIL,6.55
1381,COLM,WCRK,6.35
1382,COLM,LAFY,5.95
1383,COLM,ORIN,5.55
1384,COLM,ROCK,4.95
1385,COLM,WOAK,4.6
1386,COLM,EMBR,4.05
1387,COLM,MONT,4.05
1388,COLM,POWL,4.05
1389,COLM,CIVC,4.05
1390,COLM,16TH,3.85
1391,COLM,24TH,3.7
1392,COLM,GLEN,3.6
1393,COLM,BALB,3.6
1394,COLM,DALY,3.6
1395,COLM,OAKL,11.9
1396,COLM,WARM,7.85
1397,COLM,MLPT,8.65
1398,COLM,BERY,8.9
1399,COLM,PCTR,7.95
1400,COLM,ANTC,8.7
1401,CONC,SSAN,7.2
1402,CONC,SBRN,7.5
1403,CONC,SFIA,12.65
1404,CONC,MLBR,7.85
1405,CONC,WDUB,6.85
1406,CONC,RICH,5.2
1407,CONC,DELN,5
1408,CONC,PLZA,4.8
1409,CONC,NBRK,4.6
1410,CONC,DBRK,4.5
1411,CONC,ASHB,4.5
1412,CONC,MCAR,4.5
1413,CONC,19TH,4.5
1414,CONC,12TH,4.5
1415,CONC,LAKE,4.5
1416,CONC,FTVL,4.7
1417,CONC,COLS,4.9
1418,CONC,SANL,5.2
1419,CONC,BAYF,5.5
1420,CONC,HAYW,5.8
1421,CONC,SHAY,6.15
1422,CONC,UCTY,6.7
1423,CONC,FRMT,7.05
1424,CONC,CAST,5.8
1425,CONC,DUBL,7.05
1426,CONC,PITT,2.15
1427,CONC,NCON,2.15
1428,CONC,COLM,7
1429,CONC,CONC,6.4
1430,CONC,PHIL,2.15
1431,CONC,WCRK,2.15
1432,CONC,LAFY,2.15
1433,CONC,ORIN,2.15
1434,CONC,ROCK,4.35
1435,CONC,WOAK,4.65
1436,CONC,EMBR,6.5
1437,CONC,MONT,6.5
1438,CONC,POWL,6.5
1439,CONC,CIVC,6.5
1440,CONC,16TH,6.6
1441,CONC,24TH,6.65
1442,CONC,GLEN,6.8
1443,CONC,BALB,6.9
1444,CONC,DALY,7
1445,CONC,OAKL,11.6
1446,CONC,WARM,7.55
1447,CONC,MLPT,8.35
1448,CONC,BERY,8.6
1449,CONC,PCTR,2.15
1450,CONC,ANTC,3.95
1451,PHIL,SSAN,6.75
1452,PHIL,SBRN,7.05
1453,PHIL,SFIA,12.2
1454,PHIL,MLBR,7.4
1455,PHIL,WDUB,6.4
1456,PHIL,RICH,4.75
1457,PHIL,DELN,4.5
1458,PHIL,PLZA,4.35
1459,PHIL,NBRK,4.15
1460,PHIL,DBRK,4.05
1461,PHIL,ASHB,4.05
1462,PHIL,MCAR,4.05
1463,PHIL,19TH,4.05
1464,PHIL,12TH,4.05
1465,PHIL,LAKE,4.05
1466,PHIL,FTVL,4.25
1467,PHIL,COLS,4.45
1468,PHIL,SANL,4.8
1469,PHIL,BAYF,5.05
1470,PHIL,HAYW,5.35
1471,PHIL,SHAY,5.65
1472,PHIL,UCTY,6.2
1473,PHIL,FRMT,6.6
1474,PHIL,CAST,5.35
1475,PHIL,DUBL,6.6
1476,PHIL,PITT,2.15
1477,PHIL,NCON,2.15
1478,PHIL,COLM,6.55
1479,PHIL,CONC,2.15
1480,PHIL,PHIL,6.4
1481,PHIL,WCRK,2.15
1482,PHIL,LAFY,2.15
1483,PHIL,ORIN,2.15
1484,PHIL,ROCK,3.85
1485,PHIL,WOAK,4.25
1486,PHIL,EMBR,6.05
1487,PHIL,MONT,6.05
1488,PHIL,POWL,6.05
1489,PHIL,CIVC,6.05
1490,PHIL,16TH,6.1
1491,PHIL,24TH,6.2
1492,PHIL,GLEN,6.35
1493,PHIL,BALB,6.4
1494,PHIL,DALY,6.55
1495,PHIL,OAKL,11.15
1496,PHIL,WARM,7.1
1497,PHIL,MLPT,7.9
1498,PHIL,BERY,8.15
1499,PHIL,PCTR,3.7
1500,PHIL,ANTC,4.4
1501,WCRK,SSAN,6.6
1502,WCRK,SBRN,6.85
1503,WCRK,SFIA,12.05
1504,WCRK,MLBR,7.25
1505,WCRK,WDUB,6.2
1506,WCRK,RICH,4.55
1507,WCRK,DELN,4.35
1508,WCRK,PLZA,4.15
1509,WCRK,NBRK,3.95
1510,WCRK,DBRK,3.9
1511,WCRK,ASHB,3.85
1512,WCRK,MCAR,3.85
1513,WCRK,19TH,3.9
1514,WCRK,12TH,3.9
1515,WCRK,LAKE,3.9
1516,WCRK,FTVL,4.05
1517,WCRK,COLS,4.3
1518,WCRK,SANL,4.6
1519,WCRK,BAYF,4.85
1520,WCRK,HAYW,5.2
1521,WCRK,SHAY,5.5
1522,WCRK,UCTY,6.05
1523,WCRK,FRMT,6.45
1524,WCRK,CAST,5.2
1525,WCRK,DUBL,6.4
1526,WCRK,PITT,2.15
1527,WCRK,NCON,2.15
1528,WCRK,COLM,6.35
1529,WCRK,CONC,2.15
1530,WCRK,PHIL,2.15
1531,WCRK,WCRK,6.4
1532,WCRK,LAFY,2.15
1533,WCRK,ORIN,2.15
1534,WCRK,ROCK,3.6
1535,WCRK,WOAK,4.05
1536,WCRK,EMBR,5.85
1537,WCRK,MONT,5.85
1538,WCRK,POWL,5.85
1539,WCRK,CIVC,5.85
1540,WCRK,16TH,5.95
1541,WCRK,24TH,6
1542,WCRK,GLEN,6.15
1543,WCRK,BALB,6.25
1544,WCRK,DALY,6.4
1545,WCRK,OAKL,11
1546,WCRK,WARM,6.9
1547,WCRK,MLPT,7.7
1548,WCRK,BERY,8
1549,WCRK,PCTR,3.9
1550,WCRK,ANTC,4.6
1551,LAFY,SSAN,6.2
1552,LAFY,SBRN,6.45
1553,LAFY,SFIA,11.65
1554,LAFY,MLBR,6.85
1555,LAFY,WDUB,5.8
1556,LAFY,RICH,4.2
1557,LAFY,DELN,3.95
1558,LAFY,PLZA,3.75
1559,LAFY,NBRK,3.55
1560,LAFY,DBRK,3.45
1561,LAFY,ASHB,3.3
1562,LAFY,MCAR,3.2
1563,LAFY,19TH,3.4
1564,LAFY,12TH,3.4
1565,LAFY,LAKE,3.4
1566,LAFY,FTVL,3.65
1567,LAFY,COLS,3.9
1568,LAFY,SANL,4.2
1569,LAFY,BAYF,4.45
1570,LAFY,HAYW,4.8
1571,LAFY,SHAY,5.1
1572,LAFY,UCTY,5.65
1573,LAFY,FRMT,6.05
1574,LAFY,CAST,4.8
1575,LAFY,DUBL,6
1576,LAFY,PITT,4.1
1577,LAFY,NCON,3.4
1578,LAFY,COLM,5.95
1579,LAFY,CONC,2.15
1580,LAFY,PHIL,2.15
1581,LAFY,WCRK,2.15
1582,LAFY,LAFY,6.4
1583,LAFY,ORIN,2.15
1584,LAFY,ROCK,3
1585,LAFY,WOAK,3.65
1586,LAFY,EMBR,5.5
1587,LAFY,MONT,5.5
1588,LAFY,POWL,5.5
1589,LAFY,CIVC,5.5
1590,LAFY,16TH,5.55
1591,LAFY,24TH,5.6
1592,LAFY,GLEN,5.8
1593,LAFY,BALB,5.85
1594,LAFY,DALY,6
1595,LAFY,OAKL,10.6
1596,LAFY,WARM,6.5
1597,LAFY,MLPT,7.3
1598,LAFY,BERY,7.6
1599,LAFY,PCTR,4.3
1600,LAFY,ANTC,5
1601,ORIN,SSAN,5.75
1602,ORIN,SBRN,6.05
1603,ORIN,SFIA,11.2
1604,ORIN,MLBR,6.4
1605,ORIN,WDUB,5.4
1606,ORIN,RICH,3.75
1607,ORIN,DELN,3.55
1608,ORIN,PLZA,3.25
1609,ORIN,NBRK,2.9
1610,ORIN,DBRK,2.75
1611,ORIN,ASHB,2.6
1612,ORIN,MCAR,2.15
1613,ORIN,19TH,2.7
1614,ORIN,12TH,2.7
1615,ORIN,LAKE,2.7
1616,ORIN,FTVL,3.05
1617,ORIN,COLS,3.45
1618,ORIN,SANL,3.8
1619,ORIN,BAYF,4.05
1620,ORIN,HAYW,4.35
1621,ORIN,SHAY,4.7
1622,ORIN,UCTY,5.25
1623,ORIN,FRMT,5.6
1624,ORIN,CAST,4.35
1625,ORIN,DUBL,5.6
1626,ORIN,PITT,4.5
1627,ORIN,NCON,3.95
1628,ORIN,COLM,5.55
1629,ORIN,CONC,2.15
1630,ORIN,PHIL,2.15
1631,ORIN,WCRK,2.15
1632,ORIN,LAFY,2.15
1633,ORIN,ORIN,6.4
1634,ORIN,ROCK,2.15
1635,ORIN,WOAK,2.95
1636,ORIN,EMBR,5.05
1637,ORIN,MONT,5.05
1638,ORIN,POWL,5.05
1639,ORIN,CIVC,5.05
1640,ORIN,16TH,5.15
1641,ORIN,24TH,5.2
1642,ORIN,GLEN,5.35
1643,ORIN,BALB,5.45
1644,ORIN,DALY,5.6
1645,ORIN,OAKL,10.15
1646,ORIN,WARM,6.1
1647,ORIN,MLPT,6.9
1648,ORIN,BERY,7.15
1649,ORIN,PCTR,4.7
1650,ORIN,ANTC,5.4
1651,ROCK,SSAN,5.15
1652,ROCK,SBRN,5.45
1653,ROCK,SFIA,10.6
1654,ROCK,MLBR,5.8
1655,ROCK,WDUB,4.85
1656,ROCK,RICH,3.05
1657,ROCK,DELN,2.65
1658,ROCK,PLZA,2.35
1659,ROCK,NBRK,2.15
1660,ROCK,DBRK,2.15
1661,ROCK,ASHB,2.15
1662,ROCK,MCAR,2.15
1663,ROCK,19TH,2.15
1664,ROCK,12TH,2.15
1665,ROCK,LAKE,2.15
1666,ROCK,FTVL,2.2
1667,ROCK,COLS,2.55
1668,ROCK,SANL,3.05
1669,ROCK,BAYF,3.45
1670,ROCK,HAYW,3.8
1671,ROCK,SHAY,4.1
1672,ROCK,UCTY,4.65
1673,ROCK,FRMT,5.05
1674,ROCK,CAST,3.8
1675,ROCK,DUBL,5
1676,ROCK,PITT,5.15
1677,ROCK,NCON,4.55
1678,ROCK,COLM,4.95
1679,ROCK,CONC,4.35
1680,ROCK,PHIL,3.85
1681,ROCK,WCRK,3.6
1682,ROCK,LAFY,3
1683,ROCK,ORIN,2.15
1684,ROCK,ROCK,6.4
1685,ROCK,WOAK,2.15
1686,ROCK,EMBR,4.3
1687,ROCK,MONT,4.3
1688,ROCK,POWL,4.3
1689,ROCK,CIVC,4.3
1690,ROCK,16TH,4.5
1691,ROCK,24TH,4.6
1692,ROCK,GLEN,4.75
1693,ROCK,BALB,4.8
1694,ROCK,DALY,4.95
1695,ROCK,OAKL,9.25
1696,ROCK,WARM,5.5
1697,ROCK,MLPT,6.3
1698,ROCK,BERY,6.6
1699,ROCK,PCTR,5.3
1700,ROCK,ANTC,6
1701,WOAK,SSAN,4.8
1702,WOAK,SBRN,5.1
1703,WOAK,SFIA,10.25
1704,WOAK,MLBR,5.45
1705,WOAK,WDUB,4.85
1706,WOAK,RICH,3.4
1707,WOAK,DELN,3
1708,WOAK,PLZA,2.75
1709,WOAK,NBRK,2.35
1710,WOAK,DBRK,2.25
1711,WOAK,ASHB,2.15
1712,WOAK,MCAR,2.15
1713,WOAK,19TH,2.15
1714,WOAK,12TH,2.15
1715,WOAK,LAKE,2.15
1716,WOAK,FTVL,2.15
1717,WOAK,COLS,2.4
1718,WOAK,SANL,2.95
1719,WOAK,BAYF,3.4
1720,WOAK,HAYW,3.8
1721,WOAK,SHAY,4.1
1722,WOAK,UCTY,4.65
1723,WOAK,FRMT,5.05
1724,WOAK,CAST,3.8
1725,WOAK,DUBL,5
1726,WOAK,PITT,5.45
1727,WOAK,NCON,4.9
1728,WOAK,COLM,4.6
1729,WOAK,CONC,4.65
1730,WOAK,PHIL,4.25
1731,WOAK,WCRK,4.05
1732,WOAK,LAFY,3.65
1733,WOAK,ORIN,2.95
1734,WOAK,ROCK,2.15
1735,WOAK,WOAK,6.4
1736,WOAK,EMBR,3.55
1737,WOAK,MONT,3.55
1738,WOAK,POWL,3.55
1739,WOAK,CIVC,3.55
1740,WOAK,16TH,3.85
1741,WOAK,24TH,3.95
1742,WOAK,GLEN,4.2
1743,WOAK,BALB,4.4
1744,WOAK,DALY,4.6
1745,WOAK,OAKL,9.15
1746,WOAK,WARM,5.5
1747,WOAK,MLPT,6.35
1748,WOAK,BERY,6.6
1749,WOAK,PCTR,5.65
1750,WOAK,ANTC,6.35
1751,EMBR,SSAN,4.35
1752,EMBR,SBRN,4.8
1753,EMBR,SFIA,10
1754,EMBR,MLBR,5.2
1755,EMBR,WDUB,6.65
1756,EMBR,RICH,5.2
1757,EMBR,DELN,5
1758,EMBR,PLZA,4.8
1759,EMBR,NBRK,4.6
1760,EMBR,DBRK,4.5
1761,EMBR,ASHB,4.3
1762,EMBR,MCAR,4.05
1763,EMBR,19TH,3.85
1764,EMBR,12TH,3.85
1765,EMBR,LAKE,3.85
1766,EMBR,FTVL,4.3
1767,EMBR,COLS,4.65
1768,EMBR,SANL,5.05
1769,EMBR,BAYF,5.3
1770,EMBR,HAYW,5.6
1771,EMBR,SHAY,5.95
1772,EMBR,UCTY,6.5
1773,EMBR,FRMT,6.85
1774,EMBR,CAST,5.6
1775,EMBR,DUBL,6.85
1776,EMBR,PITT,7.3
1777,EMBR,NCON,6.7
1778,EMBR,COLM,4.05
1779,EMBR,CONC,6.5
1780,EMBR,PHIL,6.05
1781,EMBR,WCRK,5.85
1782,EMBR,LAFY,5.5
1783,EMBR,ORIN,5.05
1784,EMBR,ROCK,4.3
1785,EMBR,WOAK,3.55
1786,EMBR,EMBR,6.4
1787,EMBR,MONT,2.15
1788,EMBR,POWL,2.15
1789,EMBR,CIVC,2.15
1790,EMBR,16TH,2.15
1791,EMBR,24TH,2.15
1792,EMBR,GLEN,2.15
1793,EMBR,BALB,2.15
1794,EMBR,DALY,3.65
1795,EMBR,OAKL,11.4
1796,EMBR,WARM,7.35
1797,EMBR,MLPT,8.15
1798,EMBR,BERY,8.4
1799,EMBR,PCTR,7.45
1800,EMBR,ANTC,8.2
1801,MONT,SSAN,4.35
1802,MONT,SBRN,4.8
1803,MONT,SFIA,10
1804,MONT,MLBR,5.2
1805,MONT,WDUB,6.65
1806,MONT,RICH,5.2
1807,MONT,DELN,5
1808,MONT,PLZA,4.8
1809,MONT,NBRK,4.6
1810,MONT,DBRK,4.5
1811,MONT,ASHB,4.3
1812,MONT,MCAR,4.05
1813,MONT,19TH,3.85
1814,MONT,12TH,3.85
1815,MONT,LAKE,3.85
1816,MONT,FTVL,4.3
1817,MONT,COLS,4.65
1818,MONT,SANL,5.05
1819,MONT,BAYF,5.3
1820,MONT,HAYW,5.6
1821,MONT,SHAY,5.95
1822,MONT,UCTY,6.5
1823,MONT,FRMT,6.85
1824,MONT,CAST,5.6
1825,MONT,DUBL,6.85
1826,MONT,PITT,7.3
1827,MONT,NCON,6.7
1828,MONT,COLM,4.05
1829,MONT,CONC,6.5
1830,MONT,PHIL,6.05
1831,MONT,WCRK,5.85
1832,MONT,LAFY,5.5
1833,MONT,ORIN,5.05
1834,MONT,ROCK,4.3
1835,MONT,WOAK,3.55
1836,MONT,EMBR,2.15
1837,MONT,MONT,6.4
1838,MONT,POWL,2.15
1839,MONT,CIVC,2.15
1840,MONT,16TH,2.15
1841,MONT,24TH,2.15
1842,MONT,GLEN,2.15
1843,MONT,BALB,2.15
1844,MONT,DALY,3.65
1845,MONT,OAKL,11.4
1846,MONT,WARM,7.35
1847,MONT,MLPT,8.15
1848,MONT,BERY,8.4
1849,MONT,PCTR,7.45
1850,MONT,ANTC,8.2
1851,POWL,SSAN,4.35
1852,POWL,SBRN,4.8
1853,POWL,SFIA,10
1854,POWL,MLBR,5.2
1855,POWL,WDUB,6.65
1856,POWL,RICH,5.2
1857,POWL,DELN,5
1858,POWL,PLZA,4.8
1859,POWL,NBRK,4.6
1860,POWL,DBRK,4.5
1861,POWL,ASHB,4.3
1862,POWL,MCAR,4.05
1863,POWL,19TH,3.85
1864,POWL,12TH,3.85
1865,POWL,LAKE,3.85
1866,POWL,FTVL,4.3
1867,POWL,COLS,4.65
1868,POWL,SANL,5.05
1869,POWL,BAYF,5.3
1870,POWL,HAYW,5.6
1871,POWL,SHAY,5.95
1872,POWL,UCTY,6.5
1873,POWL,FRMT,6.85
1874,POWL,CAST,5.6
1875,POWL,DUBL,6.85
1876,POWL,PITT,7.3
1877,POWL,NCON,6.7
1878,POWL,COLM,4.05
1879,POWL,CONC,6.5
1880,POWL,PHIL,6.05
1881,POWL,WCRK,5.85
1882,POWL,LAFY,5.5
1883,POWL,ORIN,5.05
1884,POWL,ROCK,4.3
1885,POWL,WOAK,3.55
1886,POWL,EMBR,2.15
1887,POWL,MONT,2.15
1888,POWL,POWL,6.4
1889,POWL,CIVC,2.15
1890,POWL,16TH,2.15
1891,POWL,24TH,2.15
1892,POWL,GLEN,2.15
1893,POWL,BALB,2.15
1894,POWL,DALY,3.65
1895,POWL,OAKL,11.4
1896,POWL,WARM,7.35
1897,POWL,MLPT,8.15
1898,POWL,BERY,8.4
1899,POWL,PCTR,7.45
1900,POWL,ANTC,8.2
1901,CIVC,SSAN,4.35
1902,CIVC,SBRN,4.8
1903,CIVC,SFIA,10
1904,CIVC,MLBR,5.2
1905,CIVC,WDUB,6.65
1906,CIVC,RICH,5.2
1907,CIVC,DELN,5
1908,CIVC,PLZA,4.8
1909,CIVC,NBRK,4.6
1910,CIVC,DBRK,4.5
1911,CIVC,ASHB,4.3
1912,CIVC,MCAR,4.05
1913,CIVC,19TH,3.85
1914,CIVC,12TH,3.85
1915,CIVC,LAKE,3.85
1916,CIVC,FTVL,4.3
1917,CIVC,COLS,4.65
1918,CIVC,SANL,5.05
1919,CIVC,BAYF,5.3
1920,CIVC,HAYW,5.6
1921,CIVC,SHAY,5.95
1922,CIVC,UCTY,6.5
1923,CIVC,FRMT,6.85
1924,CIVC,CAST,5.6
1925,CIVC,DUBL,6.85
1926,CIVC,PITT,7.3
1927,CIVC,NCON,6.7
1928,CIVC,COLM,4.05
1929,CIVC,CONC,6.5
1930,CIVC,PHIL,6.05
1931,CIVC,WCRK,5.85
1932,CIVC,LAFY,5.5
1933,CIVC,ORIN,5.05
1934,CIVC,ROCK,4.3
1935,CIVC,WOAK,3.55
1936,CIVC,EMBR,2.15
1937,CIVC,MONT,2.15
1938,CIVC,POWL,2.15
1939,CIVC,CIVC,6.4
1940,CIVC,16TH,2.15
1941,CIVC,24TH,2.15
1942,CIVC,GLEN,2.15
1943,CIVC,BALB,2.15
1944,CIVC,DALY,3.65
1945,CIVC,OAKL,11.4
1946,CIVC,WARM,7.35
1947,CIVC,MLPT,8.15
1948,CIVC,BERY,8.4
1949,CIVC,PCTR,7.45
1950,CIVC,ANTC,8.2
1951,16TH,SSAN,4.15
1952,16TH,SBRN,4.6
1953,16TH,SFIA,9.9
1954,16TH,MLBR,5.15
1955,16TH,WDUB,6.75
1956,16TH,RICH,5.3
1957,16TH,DELN,5.05
1958,16TH,PLZA,4.9
1959,16TH,NBRK,4.65
1960,16TH,DBRK,4.6
1961,16TH,ASHB,4.5
1962,16TH,MCAR,4.25
1963,16TH,19TH,4.05
1964,16TH,12TH,4.05
1965,16TH,LAKE,4.05
1966,16TH,FTVL,4.5
1967,16TH,COLS,4.8
1968,16TH,SANL,5.15
1969,16TH,BAYF,5.4
1970,16TH,HAYW,5.7
1971,16TH,SHAY,6
1972,16TH,UCTY,6.55
1973,16TH,FRMT,6.95
1974,16TH,CAST,5.7
1975,16TH,DUBL,6.9
1976,16TH,PITT,7.4
1977,16TH,NCON,6.8
1978,16TH,COLM,3.85
1979,16TH,CONC,6.6
1980,16TH,PHIL,6.1
1981,16TH,WCRK,5.95
1982,16TH,LAFY,5.55
1983,16TH,ORIN,5.15
1984,16TH,ROCK,4.5
1985,16TH,WOAK,3.85
1986,16TH,EMBR,2.15
1987,16TH,MONT,2.15
1988,16TH,POWL,2.15
1989,16TH,CIVC,2.15
1990,16TH,16TH,6.4
1991,16TH,24TH,2.15
1992,16TH,GLEN,2.15
1993,16TH,BALB,2.15
1994,16TH,DALY,3.4
1995,16TH,OAKL,11.5
1996,16TH,WARM,7.4
1997,16TH,MLPT,8.2
1998,16TH,BERY,8.5
1999,16TH,PCTR,7.55
2000,16TH,ANTC,8.25
2001,24TH,SSAN,4.05
2002,24TH,SBRN,4.5
2003,24TH,SFIA,9.8
2004,24TH,MLBR,5.05
2005,24TH,WDUB,6.8
2006,24TH,RICH,5.35
2007,24TH,DELN,5.1
2008,24TH,PLZA,4.95
2009,24TH,NBRK,4.75
2010,24TH,DBRK,4.65
2011,24TH,ASHB,4.55
2012,24TH,MCAR,4.35
2013,24TH,19TH,4.15
2014,24TH,12TH,4.15
2015,24TH,LAKE,4.15
2016,24TH,FTVL,4.65
2017,24TH,COLS,4.85
2018,24TH,SANL,5.15
2019,24TH,BAYF,5.45
2020,24TH,HAYW,5.75
2021,24TH,SHAY,6.1
2022,24TH,UCTY,6.6
2023,24TH,FRMT,7
2024,24TH,CAST,5.75
2025,24TH,DUBL,7
2026,24TH,PITT,7.45
2027,24TH,NCON,6.85
2028,24TH,COLM,3.7
2029,24TH,CONC,6.65
2030,24TH,PHIL,6.2
2031,24TH,WCRK,6
2032,24TH,LAFY,5.6
2033,24TH,ORIN,5.2
2034,24TH,ROCK,4.6
2035,24TH,WOAK,3.95
2036,24TH,EMBR,2.15
2037,24TH,MONT,2.15
2038,24TH,POWL,2.15
2039,24TH,CIVC,2.15
2040,24TH,16TH,2.15
2041,24TH,24TH,6.4
2042,24TH,GLEN,2.15
2043,24TH,BALB,2.15
2044,24TH,DALY,3.4
2045,24TH,OAKL,11.55
2046,24TH,WARM,7.5
2047,24TH,MLPT,8.3
2048,24TH,BERY,8.55
2049,24TH,PCTR,7.6
2050,24TH,ANTC,8.3
2051,GLEN,SSAN,3.8
2052,GLEN,SBRN,4.2
2053,GLEN,SFIA,9.55
2054,GLEN,MLBR,4.8
2055,GLEN,WDUB,6.95
2056,GLEN,RICH,5.5
2057,GLEN,DELN,5.3
2058,GLEN,PLZA,5.1
2059,GLEN,NBRK,4.9
2060,GLEN,DBRK,4.85
2061,GLEN,ASHB,4.75
2062,GLEN,MCAR,4.6
2063,GLEN,19TH,4.4
2064,GLEN,12TH,4.4
2065,GLEN,LAKE,4.4
2066,GLEN,FTVL,4.8
2067,GLEN,COLS,5
2068,GLEN,SANL,5.35
2069,GLEN,BAYF,5.6
2070,GLEN,HAYW,5.9
2071,GLEN,SHAY,6.25
2072,GLEN,UCTY,6.8
2073,GLEN,FRMT,7.15
2074,GLEN,CAST,5.9
2075,GLEN,DUBL,7.15
2076,GLEN,PITT,7.6
2077,GLEN,NCON,7.05
2078,GLEN,COLM,3.6
2079,GLEN,CONC,6.8
2080,GLEN,PHIL,6.35
2081,GLEN,WCRK,6.15
2082,GLEN,LAFY,5.8
2083,GLEN,ORIN,5.35
2084,GLEN,ROCK,4.75
2085,GLEN,WOAK,4.2
2086,GLEN,EMBR,2.15
2087,GLEN,MONT,2.15
2088,GLEN,POWL,2.15
2089,GLEN,CIVC,2.15
2090,GLEN,16TH,2.15
2091,GLEN,24TH,2.15
2092,GLEN,GLEN,6.4
2093,GLEN,BALB,2.15
2094,GLEN,DALY,3.4
2095,GLEN,OAKL,11.7
2096,GLEN,WARM,7.65
2097,GLEN,MLPT,8.45
2098,GLEN,BERY,8.75
2099,GLEN,PCTR,7.8
2100,GLEN,ANTC,8.5
2101,BALB,SSAN,3.6
2102,BALB,SBRN,4.05
2103,BALB,SFIA,9.4
2104,BALB,MLBR,4.65
2105,BALB,WDUB,7.05
2106,BALB,RICH,5.6
2107,BALB,DELN,5.35
2108,BALB,PLZA,5.2
2109,BALB,NBRK,4.95
2110,BALB,DBRK,4.9
2111,BALB,ASHB,4.8
2112,BALB,MCAR,4.65
2113,BALB,19TH,4.55
2114,BALB,12TH,4.55
2115,BALB,LAKE,4.55
2116,BALB,FTVL,4.85
2117,BALB,COLS,5.1
2118,BALB,SANL,5.45
2119,BALB,BAYF,5.7
2120,BALB,HAYW,6
2121,BALB,SHAY,6.3
2122,BALB,UCTY,6.85
2123,BALB,FRMT,7.25
2124,BALB,CAST,6
2125,BALB,DUBL,7.2
2126,BALB,PITT,7.7
2127,BALB,NCON,7.1
2128,BALB,COLM,3.6
2129,BALB,CONC,6.9
2130,BALB,PHIL,6.4
2131,BALB,WCRK,6.25
2132,BALB,LAFY,5.85
2133,BALB,ORIN,5.45
2134,BALB,ROCK,4.8
2135,BALB,WOAK,4.4
2136,BALB,EMBR,2.15
2137,BALB,MONT,2.15
2138,BALB,POWL,2.15
2139,BALB,CIVC,2.15
2140,BALB,16TH,2.15
2141,BALB,24TH,2.15
2142,BALB,GLEN,2.15
2143,BALB,BALB,6.4
2144,BALB,DALY,3.4
2145,BALB,OAKL,11.8
2146,BALB,WARM,7.7
2147,BALB,MLPT,8.5
2148,BALB,BERY,8.8
2149,BALB,PCTR,7.85
2150,BALB,ANTC,8.55
2151,DALY,SSAN,3.6
2152,DALY,SBRN,3.6
2153,DALY,SFIA,9.15
2154,DALY,MLBR,4.4
2155,DALY,WDUB,7.2
2156,DALY,RICH,5.75
2157,DALY,DELN,5.5
2158,DALY,PLZA,5.3
2159,DALY,NBRK,5.1
2160,DALY,DBRK,5.05
2161,DALY,ASHB,4.95
2162,DALY,MCAR,4.8
2163,DALY,19TH,4.7
2164,DALY,12TH,4.7
2165,DALY,LAKE,4.7
2166,DALY,FTVL,5
2167,DALY,COLS,5.25
2168,DALY,SANL,5.55
2169,DALY,BAYF,5.8
2170,DALY,HAYW,6.15
2171,DALY,SHAY,6.45
2172,DALY,UCTY,7
2173,DALY,FRMT,7.4
2174,DALY,CAST,6.15
2175,DALY,DUBL,7.35
2176,DALY,PITT,7.8
2177,DALY,NCON,7.25
2178,DALY,COLM,3.6
2179,DALY,CONC,7
2180,DALY,PHIL,6.55
2181,DALY,WCRK,6.4
2182,DALY,LAFY,6
2183,DALY,ORIN,5.6
2184,DALY,ROCK,4.95
2185,DALY,WOAK,4.6
2186,DALY,EMBR,3.65
2187,DALY,MONT,3.65
2188,DALY,POWL,3.65
2189,DALY,CIVC,3.65
2190,DALY,16TH,3.4
2191,DALY,24TH,3.4
2192,DALY,GLEN,3.4
2193,DALY,BALB,3.4
2194,DALY,DALY,6.4
2195,DALY,OAKL,11.95
2196,DALY,WARM,7.85
2197,DALY,MLPT,8.65
2198,DALY,BERY,8.95
2199,DALY,PCTR,8
2200,DALY,ANTC,8.7
2201,OAKL,SSAN,12.1
2202,OAKL,SBRN,12.4
2203,OAKL,SFIA,17.6
2204,OAKL,MLBR,12.8
2205,OAKL,WDUB,10.95
2206,OAKL,RICH,10.5
2207,OAKL,DELN,10.3
2208,OAKL,PLZA,10.1
2209,OAKL,NBRK,9.75
2210,OAKL,DBRK,9.6
2211,OAKL,ASHB,9.45
2212,OAKL,MCAR,9.2
2213,OAKL,19TH,8.85
2214,OAKL,12TH,8.85
2215,OAKL,LAKE,8.85
2216,OAKL,FTVL,8.85
2217,OAKL,COLS,6.7
2218,OAKL,SANL,8.85
2219,OAKL,BAYF,8.85
2220,OAKL,HAYW,9.55
2221,OAKL,SHAY,10.05
2222,OAKL,UCTY,10.75
2223,OAKL,FRMT,11.15
2224,OAKL,CAST,9.55
2225,OAKL,DUBL,11.1
2226,OAKL,PITT,12.4
2227,OAKL,NCON,11.85
2228,OAKL,COLM,11.9
2229,OAKL,CONC,11.6
2230,OAKL,PHIL,11.15
2231,OAKL,WCRK,11
2232,OAKL,LAFY,10.6
2233,OAKL,ORIN,10.15
2234,OAKL,ROCK,9.25
2235,OAKL,WOAK,9.15
2236,OAKL,EMBR,11.4
2237,OAKL,MONT,11.4
2238,OAKL,POWL,11.4
2239,OAKL,CIVC,11.4
2240,OAKL,16TH,11.5
2241,OAKL,24TH,11.55
2242,OAKL,GLEN,11.7
2243,OAKL,BALB,11.8
2244,OAKL,DALY,11.95
2245,OAKL,OAKL,6.4
2246,OAKL,WARM,11.6
2247,OAKL,MLPT,12.4
2248,OAKL,BERY,12.7
2249,OAKL,PCTR,12.6
2250,OAKL,ANTC,13.3
2251,WARM,SSAN,8.05
2252,WARM,SBRN,8.35
2253,WARM,SFIA,13.5
2254,WARM,MLBR,8.7
2255,WARM,WDUB,5.7
2256,WARM,RICH,6.45
2257,WARM,DELN,6.2
2258,WARM,PLZA,6
2259,WARM,NBRK,5.8
2260,WARM,DBRK,5.75
2261,WARM,ASHB,5.65
2262,WARM,MCAR,5.5
2263,WARM,19TH,5.4
2264,WARM,12TH,5.4
2265,WARM,LAKE,5.4
2266,WARM,FTVL,5.15
2267,WARM,COLS,4.9
2268,WARM,SANL,4.6
2269,WARM,BAYF,4.3
2270,WARM,HAYW,4
2271,WARM,SHAY,2.15
2272,WARM,UCTY,2.15
2273,WARM,FRMT,2.15
2274,WARM,CAST,4.65
2275,WARM,DUBL,5.85
2276,WARM,PITT,8.35
2277,WARM,NCON,7.75
2278,WARM,COLM,7.85
2279,WARM,CONC,7.55
2280,WARM,PHIL,7.1
2281,WARM,WCRK,6.9
2282,WARM,LAFY,6.5
2283,WARM,ORIN,6.1
2284,WARM,ROCK,5.5
2285,WARM,WOAK,5.5
2286,WARM,EMBR,7.35
2287,WARM,MONT,7.35
2288,WARM,POWL,7.35
2289,WARM,CIVC,7.35
2290,WARM,16TH,7.4
2291,WARM,24TH,7.5
2292,WARM,GLEN,7.65
2293,WARM,BALB,7.7
2294,WARM,DALY,7.85
2295,WARM,OAKL,11.6
2296,WARM,WARM,6.4
2297,WARM,MLPT,2.65
2298,WARM,BERY,3.1
2299,WARM,PCTR,8.5
2300,WARM,ANTC,9.2
2301,MLPT,SSAN,8.85
2302,MLPT,SBRN,9.15
2303,MLPT,SFIA,14.3
2304,MLPT,MLBR,9.5
2305,MLPT,WDUB,6.5
2306,MLPT,RICH,7.25
2307,MLPT,DELN,7
2308,MLPT,PLZA,6.8
2309,MLPT,NBRK,6.6
2310,MLPT,DBRK,6.55
2311,MLPT,ASHB,6.45
2312,MLPT,MCAR,6.3
2313,MLPT,19TH,6.2
2314,MLPT,12TH,6.2
2315,MLPT,LAKE,6.2
2316,MLPT,FTVL,5.95
2317,MLPT,COLS,5.7
2318,MLPT,SANL,5.4
2319,MLPT,BAYF,5.15
2320,MLPT,HAYW,4.8
2321,MLPT,SHAY,4.5
2322,MLPT,UCTY,3.95
2323,MLPT,FRMT,3.4
2324,MLPT,CAST,5.45
2325,MLPT,DUBL,6.65
2326,MLPT,PITT,9.15
2327,MLPT,NCON,8.55
2328,MLPT,COLM,8.65
2329,MLPT,CONC,8.35
2330,MLPT,PHIL,7.9
2331,MLPT,WCRK,7.7
2332,MLPT,LAFY,7.3
2333,MLPT,ORIN,6.9
2334,MLPT,ROCK,6.3
2335,MLPT,WOAK,6.35
2336,MLPT,EMBR,8.15
2337,MLPT,MONT,8.15
2338,MLPT,POWL,8.15
2339,MLPT,CIVC,8.15
2340,MLPT,16TH,8.2
2341,MLPT,24TH,8.3
2342,MLPT,GLEN,8.45
2343,MLPT,BALB,8.5
2344,MLPT,DALY,8.65
2345,MLPT,OAKL,12.4
2346,MLPT,WARM,2.65
2347,MLPT,MLPT,6.4
2348,MLPT,BERY,2.15
2349,MLPT,PCTR,9.3
2350,MLPT,ANTC,10
2351,BERY,SSAN,9.1
2352,BERY,SBRN,9.4
2353,BERY,SFIA,14.6
2354,BERY,MLBR,9.8
2355,BERY,WDUB,6.75
2356,BERY,RICH,7.5
2357,BERY,DELN,7.3
2358,BERY,PLZA,7.1
2359,BERY,NBRK,6.9
2360,BERY,DBRK,6.85
2361,BERY,ASHB,6.75
2362,BERY,MCAR,6.6
2363,BERY,19TH,6.5
2364,BERY,12TH,6.5
2365,BERY,LAKE,6.5
2366,BERY,FTVL,6.2
2367,BERY,COLS,6
2368,BERY,SANL,5.65
2369,BERY,BAYF,5.4
2370,BERY,HAYW,5.1
2371,BERY,SHAY,4.75
2372,BERY,UCTY,4.2
2373,BERY,FRMT,3.85
2374,BERY,CAST,5.7
2375,BERY,DUBL,6.95
2376,BERY,PITT,9.4
2377,BERY,NCON,8.85
2378,BERY,COLM,8.9
2379,BERY,CONC,8.6
2380,BERY,PHIL,8.15
2381,BERY,WCRK,8
2382,BERY,LAFY,7.6
2383,BERY,ORIN,7.15
2384,BERY,ROCK,6.6
2385,BERY,WOAK,6.6
2386,BERY,EMBR,8.4
2387,BERY,MONT,8.4
2388,BERY,POWL,8.4
2389,BERY,CIVC,8.4
2390,BERY,16TH,8.5
2391,BERY,24TH,8.55
2392,BERY,GLEN,8.75
2393,BERY,BALB,8.8
2394,BERY,DALY,8.95
2395,BERY,OAKL,12.7
2396,BERY,WARM,3.1
2397,BERY,MLPT,2.15
2398,BERY,BERY,6.4
2399,BERY,PCTR,9.6
2400,BERY,ANTC,10.3
2401,PCTR,SSAN,8.2
2402,PCTR,SBRN,8.45
2403,PCTR,SFIA,13.65
2404,PCTR,MLBR,8.85
2405,PCTR,WDUB,7.8
2406,PCTR,RICH,6.15
2407,PCTR,DELN,5.95
2408,PCTR,PLZA,5.75
2409,PCTR,NBRK,5.55
2410,PCTR,DBRK,5.5
2411,PCTR,ASHB,5.45
2412,PCTR,MCAR,5.45
2413,PCTR,19TH,5.5
2414,PCTR,12TH,5.5
2415,PCTR,LAKE,5.5
2416,PCTR,FTVL,5.65
2417,PCTR,COLS,5.9
2418,PCTR,SANL,6.2
2419,PCTR,BAYF,6.45
2420,PCTR,HAYW,6.75
2421,PCTR,SHAY,7.1
2422,PCTR,UCTY,7.65
2423,PCTR,FRMT,8.05
2424,PCTR,CAST,6.8
2425,PCTR,DUBL,8
2426,PCTR,PITT,2.15
2427,PCTR,NCON,2.15
2428,PCTR,COLM,7.95
2429,PCTR,CONC,2.15
2430,PCTR,PHIL,3.7
2431,PCTR,WCRK,3.9
2432,PCTR,LAFY,4.3
2433,PCTR,ORIN,4.7
2434,PCTR,ROCK,5.3
2435,PCTR,WOAK,5.65
2436,PCTR,EMBR,7.45
2437,PCTR,MONT,7.45
2438,PCTR,POWL,7.45
2439,PCTR,CIVC,7.45
2440,PCTR,16TH,7.55
2441,PCTR,24TH,7.6
2442,PCTR,GLEN,7.8
2443,PCTR,BALB,7.85
2444,PCTR,DALY,8
2445,PCTR,OAKL,12.6
2446,PCTR,WARM,8.5
2447,PCTR,MLPT,9.3
2448,PCTR,BERY,9.6
2449,PCTR,PCTR,6.4
2450,PCTR,ANTC,2.15
2451,ANTC,SSAN,8.9
2452,ANTC,SBRN,9.15
2453,ANTC,SFIA,14.35
2454,ANTC,MLBR,9.55
2455,ANTC,WDUB,8.55
2456,ANTC,RICH,6.9
2457,ANTC,DELN,6.65
2458,ANTC,PLZA,6.5
2459,ANTC,NBRK,6.25
2460,ANTC,DBRK,6.2
2461,ANTC,ASHB,6.15
2462,ANTC,MCAR,6.15
2463,ANTC,19TH,6.2
2464,ANTC,12TH,6.2
2465,ANTC,LAKE,6.2
2466,ANTC,FTVL,6.35
2467,ANTC,COLS,6.6
2468,ANTC,SANL,6.9
2469,ANTC,BAYF,7.15
2470,ANTC,HAYW,7.45
2471,ANTC,SHAY,7.8
2472,ANTC,UCTY,8.35
2473,ANTC,FRMT,8.75
2474,ANTC,CAST,7.5
2475,ANTC,DUBL,8.7
2476,ANTC,PITT,2.15
2477,ANTC,NCON,3.75
2478,ANTC,COLM,8.7
2479,ANTC,CONC,3.95
2480,ANTC,PHIL,4.4
2481,ANTC,WCRK,4.6
2482,ANTC,LAFY,5
2483,ANTC,ORIN,5.4
2484,ANTC,ROCK,6
2485,ANTC,WOAK,6.35
2486,ANTC,EMBR,8.2
2487,ANTC,MONT,8.2
2488,ANTC,POWL,8.2
2489,ANTC,CIVC,8.2
2490,ANTC,16TH,8.25
2491,ANTC,24TH,8.3
2492,ANTC,GLEN,8.5
2493,ANTC,BALB,8.55
2494,ANTC,DALY,8.7
2495,ANTC,OAKL,13.3
2496,ANTC,WARM,9.2
2497,ANTC,MLPT,10
2498,ANTC,BERY,10.3
2499,ANTC,PCTR,2.15
2500,ANTC,ANTC,6.4